41220101,서정동,41220,평택시,24047.7,24047.7,False,"2182:05,2182:08,2182:13,2182:15,2186:01,2186:04,2186:05,2186:07,2186:20,2186:24,S338:11",equal_split
41220102,장당동,41220,평택시,16727.0,16727.0,False,"2182:05,2182:13,2186:01,2186:02,2186:04,2186:07,2186:19",equal_split
41220103,모곡동,41220,평택시,48255.1,48255.1,False,"2182:04,2186:01,2186:02,2186:04,2186:05,2186:06,2186:07,2186:09,2186:17,2186:19,2186:20,2186:23,2186:24,2186:26",equal_split
41220104,칠괴동,41220,평택시,24206.5,24206.5,False,"2186:16,2186:19,2186:20,2186:21,2186:22,2186:23,2186:24,2186:25,2186:26",equal_split
41220105,칠원동,41220,평택시,6666.8,6666.8,False,"2186:08,2186:21,2186:22",equal_split
41220106,도일동,41220,평택시,10466.3,10466.3,False,"2186:16,2186:20,2186:21,2186:24,2186:25",equal_split
41220107,가재동,41220,평택시,18321.7,18321.7,False,"2186:01,2186:02,2186:07,2186:14,2186:16,2186:20,2186:24,2186:26",equal_split
41220108,장안동,41220,평택시,11558.8,11558.8,False,"2186:01,2186:14,2186:20,2186:24,2186:25,2186:26",equal_split
41220109,이충동,41220,평택시,15327.8,15327.8,False,"2182:05,2182:13,2186:01,2186:04,2186:05,2186:07,2186:14,2186:24",equal_split
41220110,지산동,41220,평택시,10801.9,10801.9,False,"2182:13,2186:01,2186:04,2186:05,2186:07,2186:20,2186:24",equal_split
41220111,독곡동,41220,평택시,14108.3,14108.3,False,"2186:01,2186:04,2186:05,2186:07,2186:20,2186:24,S347:22",equal_split
41220112,신장동,41220,평택시,34191.5,34191.5,False,"2180:02,2182:05,2186:01,2186:04,2186:05,2186:07,2186:24,D517:05,S347:02",equal_split
41220113,평택동,41220,평택시,11987.1,11987.1,False,"2182:01,2182:03,2182:11,2182:18,S317:10,S317:13",equal_split
41220114,통복동,41220,평택시,13077.8,13077.8,False,"2182:01,2182:03,2182:11,2182:18,S317:05,S317:14",equal_split
41220115,군문동,41220,평택시,18104.6,18104.6,False,"2182:01,2182:11,2182:18,S317:05,S317:08,S317:10,S317:13,S317:14",equal_split
41220116,유천동,41220,평택시,10145.2,10145.2,False,"2182:11,2486:05,S317:08,S317:09,S317:11",equal_split
41220117,합정동,41220,평택시,15815.9,15815.9,False,"2182:01,2182:11,2182:18,S317:08,S317:09,S317:10,S317:11,S317:13",equal_split
41220118,비전동,41220,평택시,13191.6,13191.6,False,"2182:01,2186:08,2186:22,S317:10,S317:11,S317:13",equal_split
41220119,동삭동,41220,평택시,5963.5,5963.5,False,"2186:08,2186:22,2186:26",equal_split
41220120,세교동,41220,평택시,19839.9,19839.9,False,"2182:04,2182:07,2182:18,2186:06,2186:08,2186:09,2186:26",equal_split
41220121,지제동,41220,평택시,16955.2,16955.2,False,"2182:04,2182:07,2182:18,2186:06,2186:09,2186:26",equal_split
41220122,신대동,41220,평택시,12549.0,12549.0,False,"2182:01,2182:03,2182:04,2182:07,2182:11,2182:18",equal_split
41220123,소사동,41220,평택시,27787.1,27787.1,False,"2486:05,D321:03,D321:04,S317:08,S317:09,S317:11",equal_split
41220124,용이동,41220,평택시,23537.3,23537.3,False,"2186:22,2486:05,D321:03,D321:06,D321:07,D504:10,S317:09,S317:11",equal_split
41220125,월곡동,41220,평택시,6390.8,6390.8,False,"2186:22,D321:06,D321:07",equal_split
41220126,청룡동,41220,평택시,17637.2,17637.2,False,"2186:21,2186:22,D321:05,D321:06,D321:07,D321:20",equal_split
41220127,죽백동,41220,평택시,17496.9,17496.9,False,"2186:22,D321:05,D321:06,D321:07,D321:20,S317:09",equal_split
41220250,팽성읍,41220,평택시,113990.1,105015.6,True,"2182:02,2182:11,S317:01,S317:02,S317:03,S317:04,S317:05,S317:06,S317:07,S317:08,S317:09,S317:10,S317:11,S317:13,S317:14,S317:22,S317:23",equal_split
41220253,안중읍,41220,평택시,52212.3,52212.3,False,"2182:02,2579:01,2579:02,2579:03,2579:04,2579:05,2579:06,2579:10,2579:12,2579:13,2579:15,2579:18,S338:18",equal_split
41220256,포승읍,41220,평택시,193571.1,164687.6,True,"2579:02,2579:05,2579:06,2579:08,2579:09,2579:10,S302:01,S302:02,S302:05,S302:06,S302:08,S302:10,S302:11,S302:12,S302:15,S302:16,S302:17,S302:18,S302:19,S350:01,S350:03,S350:04,S350:05,S350:12,S350:16",equal_split
41220259,청북읍,41220,평택시,151704.2,134719.2,True,"2579:01,2579:02,2579:04,2579:06,2579:10,2579:18,D326:01,D326:03,D326:15,S310:18,S338:01,S338:02,S338:03,S338:04,S338:05,S338:06,S338:07,S338:08,S338:09,S338:10,S338:11,S338:12,S338:14,S338:15,S338:17,S338:18,S338:19,S338:20,S338:21,S338:23,S338:24",equal_split
41220310,진위면,41220,평택시,161578.4,158641.9,True,"2180:01,2180:02,2180:14,2180:19,2186:01,2186:04,2186:05,2186:07,2186:24,2186:25,S327:09,S327:11,S327:12,S347:01,S347:02,S347:03,S347:04,S347:05,S347:06,S347:09,S347:12,S347:19,S347:22",equal_split
41220320,서탄면,41220,평택시,104736.2,104736.2,False,"2180:08,2180:11,2180:14,2180:19,2180:20,2180:21,2180:22,2180:26,2182:05,2182:08,2182:16,2182:20,2186:04,D467:02,D467:04,S310:11,S310:12,S338:07,S338:09,S338:10,S338:11,S347:01,S347:03,S347:19",equal_split
41220330,고덕면,41220,평택시,49933.9,49933.9,False,"2182:01,2182:02,2182:03,2182:04,2182:05,2182:07,2182:08,2182:10,2182:11,2182:13,2182:15,2182:16,2182:18,2182:20,S338:07,S338:09,S338:11,S338:23",equal_split
41220340,오성면,41220,평택시,35739.9,35739.9,False,"2182:02,2182:10,2182:11,2579:03,2579:13,S317:05,S338:05,S338:14,S338:18,S338:19,S338:23,S338:24",equal_split
41220370,현덕면,41220,평택시,37651.4,37651.4,False,"2579:03,2579:05,2579:08,2579:09,2579:10,2579:12,2579:15,S350:16",equal_split
41271102,이동,41271,안산시 상록구,27672.8,27672.8,False,"2590:12,2590:14,2590:15,2590:16,2590:20,S309:04",equal_split
41271103,사동,41271,안산시 상록구,126556.0,120743.0,True,"2590:04,S309:08,S309:12,S325:01,S325:02,S325:03,S325:15,S325:18,S325:20,S325:21",equal_split
41271106,양상동,41271,안산시 상록구,25584.2,25584.2,False,"2590:14,D331:01,D331:03,D331:05",equal_split
41271107,부곡동,41271,안산시 상록구,34114.6,34114.6,False,"2590:12,2590:14,2590:15,2590:19,2590:20,D331:05",equal_split
41271108,성포동,41271,안산시 상록구,36457.2,36457.2,False,"2590:12,2590:15,2590:16,S309:04,S309:05,S309:23",equal_split
41271109,월피동,41271,안산시 상록구,23022.2,23022.2,False,"2590:12,D331:01,D331:05,S309:04,S309:23",equal_split
41390103,방산동,41390,시흥시,40436.0,40436.0,False,"2569:10,D312:02,D312:07,D312:17,D477:14,E478:24,S324:05",equal_split
41390104,포동,41390,시흥시,11455.5,11455.5,False,"2569:10,2569:11,D312:07,E478:07",equal_split
41390105,미산동,41390,시흥시,8890.7,8890.7,False,"2569:10,2569:11,E478:07",equal_split
41390117,화정동,41390,시흥시,14285.9,14285.9,False,"E478:07,S339:03",equal_split
41390118,능곡동,41390,시흥시,2667.6,2667.6,False,"E478:07,E478:24",equal_split
41390119,하중동,41390,시흥시,9856.9,9856.9,False,"2569:11,D312:07,E478:07,E478:14",equal_split
41390120,하상동,41390,시흥시,14084.9,14084.9,False,"2569:08,E478:14",equal_split
41390121,광석동,41390,시흥시,5887.1,5887.1,False,"E478:07,E478:14,E478:18,E478:24",equal_split
41390122,물왕동,41390,시흥시,2958.5,2958.5,False,"E478:14,E478:24",equal_split
41390123,산현동,41390,시흥시,15916.5,15916.5,False,"2569:13,E478:14,E478:24",equal_split
41390127,거모동,41390,시흥시,10641.1,10641.1,False,"D477:15,E478:12,E478:18,E478:21",equal_split
41390128,군자동,41390,시흥시,6312.8,6312.8,False,"E478:07,E478:18,E478:21,E478:24",equal_split
41390129,장현동,41390,시흥시,8451.9,8451.9,False,"D312:07,E478:07,E478:14,E478:18,E478:24",equal_split
41390130,장곡동,41390,시흥시,16373.2,16373.2,False,"D312:07,D477:14,D477:15,E478:07,E478:14,E478:18,E478:21,E478:24",equal_split
41390131,월곶동,41390,시흥시,35191.2,35191.2,False,"2569:10,D312:02,D477:12,D477:14,D477:15,E478:17,E478:21",equal_split
41390132,정왕동,41390,시흥시,843608.3,495576.3,True,"2666:10,2666:11,2666:12,2666:22,D325:03,D477:04,D477:14,D477:15,E430:01,E430:02,E430:03,E430:04,E430:07,E430:08,E430:09,E430:10,E430:13,E430:14,E430:15,E430:17,E430:18,E430:20,E430:22,E430:23,E430:24,E430:25,E430:26,E430:27,E478:01,E478:10,E478:11,E478:12,E478:15,E478:16,E478:17,E478:18,E478:20,E478:21,E478:24,E478:25,S319:01,S319:02,S319:05,S319:06,S319:07,S319:08,S319:09,S319:12,S319:14,S319:15,S319:16,S319:18,S319:20,S319:21,S319:22,S319:25,S331:10,S331:11,S340:01,S340:02,S340:03,S340:04,S340:05,S340:06,S340:08,S340:09,S340:10,S340:12,S340:13,S340:14,S340:15,S340:24,S340:25,S340:26,S340:27,S340:28,S340:29,S340:30,S340:31,S340:32,S340:33",equal_split
41390133,죽율동,41390,시흥시,14310.9,14310.9,False,"E478:12,E478:18,E478:20,E478:21",equal_split
41461104,남동,41461,용인시 처인구,79856.2,79856.2,False,"2050:01,2050:04,2050:09,2050:10,2050:13,2050:14,2050:20,2050:21,2050:23,D502:03",equal_split
41461106,고림동,41461,용인시 처인구,47673.2,47673.2,False,"2050:02,2050:03,2050:05,2050:07,2050:08,2050:09,2050:19,2050:25",equal_split
41461107,마평동,41461,용인시 처인구,56125.7,56125.7,False,"2050:02,2050:03,2050:05,2050:06,2050:08,2050:12,2050:14,2050:16,2050:17,2050:18,2050:19,2050:20,2050:23,2050:25",equal_split
41461108,운학동,41461,용인시 처인구,11030.2,11030.2,False,"2050:01,2050:12,2050:14,2050:20,2050:24",equal_split
41461109,호동,41461,용인시 처인구,5695.9,5695.9,False,"2050:01,2050:20,2050:24",equal_split
41461110,해곡동,41461,용인시 처인구,7465.9,7465.9,False,"2050:01,2050:14,2050:20,2050:24",equal_split
41461340,원삼면,41461,용인시 처인구,26473.1,25149.9,True,"2050:01,2050:06,2050:14,2050:16,2050:17,2050:18,2050:20,2050:24,S349:10,S349:11,S349:18,S349:20",equal_split
41461350,백암면,41461,용인시 처인구,15732.4,12618.7,True,"2050:01,2050:14,2050:17,2050:20,S349:04,S349:07,S349:08,S349:10,S349:16,S349:18,S349:20",equal_split
41461360,양지면,41461,용인시 처인구,65476.2,65476.2,False,"2050:02,2050:05,2050:06,2050:08,2050:12,2050:16,2050:17,2050:18,2050:25,D308:01,D308:09,S218:22,S218:26,S226:02",equal_split
41480101,금촌동,41480,파주시,15993.5,15993.5,False,"E400:03,E400:10,E400:11,S122:18,S124:11,S136:01",equal_split
41480102,아동동,41480,파주시,13711.0,13711.0,False,"E400:03,E400:06,E400:10,E400:11,S124:11",equal_split
41480104,야동동,41480,파주시,10149.3,10149.3,False,"E400:03,S122:14,S124:11,S124:12,S124:17",equal_split
41480105,검산동,41480,파주시,24385.1,24385.1,False,"S122:14,S124:11,S124:12,S124:13,S124:14,S124:16,S124:17,S124:20",equal_split
41480106,맥금동,41480,파주시,16063.8,16063.8,False,"S122:02,S122:14,S124:04,S124:12,S124:13,S124:14",equal_split
41480107,교하동,41480,파주시,12658.5,12658.5,False,"S122:02,S122:09,S122:14,S122:18,S136:01,S136:03",equal_split
41480108,야당동,41480,파주시,19499.3,19499.3,False,"D289:02,D289:07,S136:19",equal_split
41480109,다율동,41480,파주시,17707.2,17707.2,False,"S122:07,S122:09,S122:14,S122:16",equal_split
41480110,오도동,41480,파주시,4873.0,4873.0,False,"S122:02,S122:09,S122:14",equal_split
41480111,상지석동,41480,파주시,25137.8,25137.8,False,"2636:09,E400:17,S136:01,S136:02,S136:03,S136:19,S136:20",equal_split
41480112,산남동,41480,파주시,28316.8,28316.8,False,"2636:10,D289:04,D289:06,D289:11",equal_split
41480113,동패동,41480,파주시,43272.9,43272.9,False,"2636:01,2636:02,2636:21,D289:01,D289:02,D289:10,D289:11,S122:09",equal_split
41480114,당하동,41480,파주시,20325.7,20325.7,False,"S122:02,S122:12,S122:14,S122:18,S136:03,S136:08,S136:19",equal_split
41480115,문발동,41480,파주시,31618.5,31618.5,False,"2636:10,D289:01,D289:02,D289:11,D289:13,S122:03,S122:07,S122:12,S122:19",equal_split
41480116,송촌동,41480,파주시,9389.7,9389.7,False,"D289:13,S122:03,S122:09,S122:12",equal_split
41480117,목동동,41480,파주시,7965.3,7965.3,False,"D289:02,S122:09,S136:08",equal_split
41480118,하지석동,41480,파주시,8545.8,8545.8,False,"S122:02,S122:14,S122:18,S124:12",equal_split
41480119,서패동,41480,파주시,18720.9,18720.9,False,"2636:21,D289:01,D289:02,D289:10,D289:11",equal_split
41480120,신촌동,41480,파주시,20973.2,20973.2,False,"D289:01,D289:10,S122:03,S122:07,S122:12,S122:19",equal_split
41480121,연다산동,41480,파주시,10475.6,10475.6,False,"D289:13,S122:03,S122:07,S122:09",equal_split
41480122,와동동,41480,파주시,8004.5,8004.5,False,"S122:12,S136:01,S136:08",equal_split
41480123,금릉동,41480,파주시,13380.2,13380.2,False,"E400:06,E400:10,E400:11,E400:17,S136:01",equal_split
41480250,문산읍,41480,파주시,83105.6,83105.6,False,"2061:01,2061:02,2061:03,2061:05,2061:06,2061:07,2061:09,2061:10,2061:11,2061:14,2061:15,2061:16,2061:19,2061:22,S130:01,S130:02,S130:04,S130:05,S130:06,S130:07,S130:08",equal_split
41480253,파주읍,41480,파주시,65991.2,62184.8,True,"2061:06,2061:07,2061:14,D288:07,E400:16,S124:02,S124:07,S124:09,S130:01,S130:02,S130:03,S130:04,S130:05,S130:06,S130:07,S130:08,S130:09",equal_split
41480256,법원읍,41480,파주시,14366.6,14366.6,False,"2061:02,2061:03,2061:16,E400:16,S130:01,S130:05,S130:07,S130:08,S132:02",equal_split
41480262,조리읍,41480,파주시,123791.7,123791.7,False,"2635:16,2635:26,2636:09,E400:01,E400:02,E400:03,E400:04,E400:05,E400:06,E400:07,E400:08,E400:09,E400:10,E400:11,E400:12,E400:13,E400:14,E400:15,E400:17,E400:20,S136:01,S136:02,S136:03,S136:20",equal_split
41480310,월롱면,41480,파주시,79224.3,78107.3,True,"2061:05,2061:11,E400:03,E400:06,E400:09,E400:13,E400:14,E400:15,E400:16,S124:01,S124:02,S124:03,S124:04,S124:07,S124:08,S124:09,S124:11,S124:15,S124:16,S124:17,S124:18,S124:19,S124:20",equal_split
41480320,탄현면,41480,파주시,64268.8,54227.1,True,"2061:05,2061:19,S122:02,S122:03,S122:09,S122:12,S124:03,S124:04,S124:10,S124:12,S124:13,S124:14,S124:15,S124:16,S124:17,S124:19",equal_split
41480350,광탄면,41480,파주시,62171.0,62171.0,False,"E383:04,E400:04,E400:07,E400:08,E400:09,E400:12,E400:13,E400:14,E400:15,E400:16,S124:07,S132:14,S132:16",equal_split
41480360,파평면,41480,파주시,6110.1,6110.1,False,"2061:01,2061:02,2061:16,2061:22,2061:23,S130:01,S130:05",equal_split
41480380,군내면,41480,파주시,5303.7,5303.7,False,"2061:01,2061:10",equal_split
41480390,장단면,41480,파주시,5303.7,5303.7,False,"2061:01,2061:10",equal_split
41480400,진동면,41480,파주시,2443.2,2443.2,False,"2061:01,D292:05",equal_split
41480410,진서면,41480,파주시,5303.7,5303.7,False,"2061:01,2061:10",equal_split
41500101,창전동,41500,이천시,8756.6,8756.6,False,"2421:07,2421:23,2421:25,S218:02",equal_split
41500102,관고동,41500,이천시,9066.6,9015.3,True,"2421:23,S218:02,S218:09,S218:10,S218:16,S218:17",equal_split
41500103,중리동,41500,이천시,25276.3,12254.1,True,"2421:23,2421:25,S218:01,S218:02,S218:09,S218:10,S218:16,S218:17",equal_split
41500104,증일동,41500,이천시,6118.6,6067.3,True,"S218:09,S218:10,S218:17,S218:21",equal_split
41500105,율현동,41500,이천시,11385.7,11385.7,False,"2421:01,S218:02,S218:13,S218:21,S218:22",equal_split
41500106,진리동,41500,이천시,5418.7,5418.7,False,"2421:01,2421:20,S218:02,S218:03,S218:13",equal_split
41500107,안흥동,41500,이천시,7412.5,7035.5,True,"2421:23,2421:25,S218:02,S218:03,S218:04",equal_split
41500108,갈산동,41500,이천시,11656.3,11656.3,False,"2421:04,2421:07,2421:13,2421:16,2421:23,2421:25,S234:06",equal_split
41500109,증포동,41500,이천시,8343.2,8343.2,False,"2421:04,2421:07,2421:13,2421:16,2421:23",equal_split
41500110,송정동,41500,이천시,2098.1,2098.1,False,"2421:04,2421:07",equal_split
41500111,사음동,41500,이천시,8999.6,8948.3,True,"2421:04,2421:07,2421:23,S218:09,S218:10,S218:16,S218:17",equal_split
41500112,단월동,41500,이천시,4482.6,4482.6,False,"2421:01,2421:20,S218:03,S218:08,S218:13,S218:29",equal_split
41500113,대포동,41500,이천시,1906.3,1529.3,True,"2421:01,2421:20,S218:03,S218:04",equal_split
41500114,고담동,41500,이천시,8319.8,8319.8,False,"2421:01,2421:11,2421:20,2421:27,S218:03",equal_split
41500115,장록동,41500,이천시,10421.1,10044.1,True,"2421:01,2421:11,2421:20,2421:27,S218:03,S218:04,S218:13",equal_split
41500253,부발읍,41500,이천시,104578.4,98230.9,True,"2421:01,2421:02,2421:04,2421:05,2421:07,2421:08,2421:09,2421:10,2421:11,2421:13,2421:14,2421:15,2421:16,2421:17,2421:19,2421:20,2421:21,2421:22,2421:23,2421:24,2421:27,2658:10,2658:15,S218:03,S218:04,S218:13,S234:04,S234:06,S234:07,S234:14,S234:15",equal_split
41500310,신둔면,41500,이천시,50124.3,50073.1,True,"2421:04,2421:07,2421:11,2421:13,2421:16,2421:17,2421:21,S218:09,S218:10,S218:15,S218:16,S218:17,S226:18,S226:19,S234:06",equal_split
41500320,백사면,41500,이천시,14190.1,10064.6,True,"2421:04,2421:13,2421:19,2421:21,2658:15,2658:17,S234:06",equal_split
41500330,호법면,41500,이천시,57014.2,48108.7,True,"2421:01,2421:29,S218:05,S218:06,S218:07,S218:08,S218:11,S218:12,S218:13,S218:15,S218:21,S218:22,S218:26,S218:29,S349:16",equal_split
41500340,마장면,41500,이천시,71124.0,65590.9,True,"2050:17,D308:01,D308:11,S218:05,S218:06,S218:08,S218:09,S218:12,S218:13,S218:15,S218:17,S218:22,S218:26,S226:02,S226:22",equal_split
41500350,대월면,41500,이천시,32017.6,31640.6,True,"2421:01,2421:05,2421:09,2421:10,2421:11,2421:20,2421:22,2421:24,2815:07,S218:03,S218:04,S234:04,S234:06,S234:07,S234:14,S234:15",equal_split
41500360,모가면,41500,이천시,10478.4,6706.4,True,"2421:01,2421:09,2421:20,2421:22,2421:24,S218:03,S218:04,S218:07,S218:08",equal_split
41500370,설성면,41500,이천시,5961.5,5961.5,False,"2421:01,2421:20,2421:22,2815:06,2815:07,2815:09,S234:06,S234:07,S234:11,S349:13,S349:14",equal_split
41550310,보개면,41550,안성시,59141.8,57667.6,True,"2050:24,2486:07,2486:12,2486:18,2486:22,D504:17,D504:18,E510:04,E510:05,E510:13,S349:11,S349:12",equal_split
41550350,대덕면,41550,안성시,117098.3,105545.8,True,"2486:01,2486:05,2486:06,2486:11,2486:15,2486:16,2486:17,2486:19,2486:20,2486:21,2486:24,2486:27,D504:01,D504:03,D504:07,D504:08,D504:09,D504:10,S327:06",equal_split
41550360,양성면,41550,안성시,51607.0,51607.0,False,"2186:21,2486:01,2486:06,2486:16,2486:17,2486:19,2486:24,D504:01,S327:06,S327:07,S327:18",equal_split
41550390,일죽면,41550,안성시,6612.0,2701.8,True,"2421:01,S218:08,S349:02,S349:03,S349:04,S349:05,S349:07,S349:13,S349:14,S349:15",equal_split
41550400,죽산면,41550,안성시,58100.6,37798.2,True,"2729:17,D504:18,E510:04,E510:13,S349:01,S349:02,S349:03,S349:04,S349:05,S349:06,S349:11,S349:12,S349:13,S349:14,S349:15,S349:16,S349:19,S349:20",equal_split
41550410,삼죽면,41550,안성시,31086.8,26571.9,True,"2486:07,D504:18,E510:04,E510:05,E510:13,S349:04,S349:05,S349:07,S349:08,S349:10,S349:11,S349:12,S349:13,S349:14,S349:16,S349:18,S349:20",equal_split
41550420,고삼면,41550,안성시,15750.4,14427.2,True,"2486:06,2486:18,2486:24,D504:01,S327:06,S349:11,S349:12",equal_split
41570101,북변동,41570,김포시,40725.2,40725.2,False,"SB06:03,SB06:04,SB06:05,SB06:07,SB06:08,SB06:09,SB06:14",equal_split
41570102,걸포동,41570,김포시,30880.4,30880.4,False,"D318:11,D318:21,D318:25,SB06:03,SB06:04,SB06:07,SB06:23",equal_split
41570103,운양동,41570,김포시,27726.8,27726.8,False,"D318:11,D318:15,D318:21,D318:25,SB06:01,SB06:04",equal_split
41570104,장기동,41570,김포시,44576.7,44576.7,False,"D318:11,D318:21,D318:22,D318:25,D450:11,D450:20,SB06:06,SB06:07,SB06:12,SB06:16",equal_split
41570105,감정동,41570,김포시,38838.1,38838.1,False,"D318:21,D450:20,E537:04,SB06:06,SB06:07,SB06:08,SB06:09,SB06:14",equal_split
41570106,사우동,41570,김포시,37984.2,37984.2,False,"E537:04,SB06:01,SB06:03,SB06:04,SB06:09,SB06:19,SB06:21,SB06:22",equal_split
41570107,풍무동,41570,김포시,31197.2,31197.2,False,"E537:04,S305:01,S305:12,SB06:01,SB06:22",equal_split
41570108,마산동,41570,김포시,43825.5,37825.5,True,"D450:05,D450:06,D450:10,D450:15,SB06:12",equal_split
41570109,구래동,41570,김포시,27420.5,27420.5,False,"D450:04,D450:08,D450:09,D450:11,D450:13,D450:23",equal_split
41570250,통진읍,41570,김포시,191090.4,191090.4,False,"2170:01,2170:03,2170:07,2170:08,2170:09,2170:10,2170:11,2170:12,2170:14,2170:19,2170:24,2170:27,D318:08,D318:20,D318:21,D318:22,SB10:01,SB10:02,SB10:03,SB10:04,SB10:05,SB10:06,SB10:07,SB10:08,SB10:09,SB10:10,SB10:12,SB10:14,SB10:15,SB10:17,SB10:19,SB10:20,SB10:21,SB10:22,SB10:23,SB10:26,SB10:28",equal_split
41570253,고촌읍,41570,김포시,54779.0,54779.0,False,"D318:04,E537:07,E537:09,S305:12,SB06:19,SB06:21",equal_split
41570256,양촌읍,41570,김포시,393174.5,336022.1,True,"2170:03,2170:06,2170:07,2170:09,2170:10,2170:11,2170:12,2170:13,2170:14,2170:15,2170:16,2170:17,2170:19,2170:20,2170:27,2599:05,D318:01,D318:08,D318:09,D318:11,D318:21,D318:22,D450:03,D450:04,D450:07,D450:08,D450:09,D450:10,D450:11,D450:12,D450:13,D450:15,D450:18,D450:23,D450:24,S305:08,S305:14,S305:21,S305:22,SB06:01,SB06:16,SB09:01,SB09:02,SB09:03,SB09:04,SB09:05,SB09:06,SB09:07,SB09:08,SB09:09,SB09:10,SB09:11,SB09:13,SB09:17,SB09:18,SB09:19,SB09:21,SB09:23,SB09:28,SB10:15",equal_split
41570340,대곶면,41570,김포시,254597.8,254597.8,False,"2170:01,2170:02,2170:03,2170:04,2170:05,2170:06,2170:07,2170:09,2170:13,2170:14,2170:15,2170:16,2170:17,2170:18,2170:19,D450:03,D450:07,D450:08,D450:09,D450:12,D450:13,S322:08,S322:10,S322:12,S322:14,SB09:08,SB09:09,SB09:10,SB09:11,SB09:17,SB09:19,SB09:20,SB10:04,SB10:05,SB10:06,SB10:07,SB10:08,SB10:14,SB10:15,SB10:17,SB10:23,SB10:24,SB10:25",equal_split
41570350,월곶면,41570,김포시,86402.5,86402.5,False,"2170:01,2170:07,2170:14,S322:08,S322:10,SB10:01,SB10:02,SB10:03,SB10:09,SB10:16,SB10:18,SB10:19,SB10:20,SB10:25,SB10:26,SB10:28",equal_split
41570360,하성면,41570,김포시,61997.2,61997.2,False,"2170:07,2170:08,2170:11,2170:12,2170:20,2170:27,D318:01,D318:08,D318:09,D318:20,D318:21,D318:22,SB10:18,SB10:21,SB10:22",equal_split
41590117,병점동,41590,화성시,61899.0,61899.0,False,"E459:05,E459:14,E459:20,S330:02,S351:15",equal_split
41590253,봉담읍,41590,화성시,275072.3,275072.3,False,"2178:02,2178:07,2178:08,2178:12,2780:01,2780:03,2780:07,2780:18,D329:15,D330:03,D330:04,D330:07,D334:02,D334:10,D334:11,D334:13,D334:14,E459:04,E459:10,E459:16,E459:21,E459:22,E459:27,S310:01,S310:06,S310:07,S310:08,S332:02,S332:03,S332:17",equal_split
41590256,우정읍,41590,화성시,60831.4,54906.4,True,"D329:09,D332:07,D332:08,D332:09,D332:18,S302:01,S302:06,S335:05,S335:06,S335:09,S335:12,S335:13,S335:15,S335:16,S335:17,S335:19,S335:21",equal_split
41590330,마도면,41590,화성시,210525.9,189469.9,True,"2817:01,2817:02,2817:03,2817:07,2817:10,2817:11,2817:13,2817:18,D329:06,D329:08,D329:09,D329:10,D329:18,D329:20,D329:22,E050:02,E050:03,E050:04,E050:05,E050:06,E050:09,E050:10,E050:11,E050:12,E050:15,S325:24,S332:09,S332:16",equal_split
41590340,송산면,41590,화성시,94471.7,67358.0,True,"2817:01,2817:02,2817:03,2817:04,2817:05,2817:06,2817:07,2817:08,2817:10,2817:11,2817:12,2817:13,2817:15,2817:16,2817:17,2817:18,2817:19,2817:20,D329:22,E050:02",equal_split
41590350,서신면,41590,화성시,60166.9,55935.2,True,"2817:02,2817:05,2817:08,2817:09,2817:10,2817:11,2817:14,2817:15,2817:16,2817:18,2817:19,D329:09,E050:10,E050:12,E050:15",equal_split
41590360,팔탄면,41590,화성시,409798.5,375888.7,True,"2780:01,2780:02,2780:03,2780:04,2780:05,2780:06,2780:07,2780:08,2780:09,2780:10,2780:11,2780:12,2780:13,2780:14,2780:17,2780:18,D326:19,D326:23,D329:15,D329:23,D329:24,D332:02,D332:03,D332:04,D332:06,D332:07,D332:10,D332:12,S310:01,S310:06,S310:08,S332:01,S332:02,S332:03,S332:04,S332:05,S332:06,S332:07,S332:08,S332:12,S332:13,S332:15,S332:17,S332:18,S332:20,S332:22,S332:24,S332:27,S332:28",equal_split
41590370,장안면,41590,화성시,253004.9,206283.4,True,"2780:04,2780:09,D326:23,D329:09,D332:01,D332:02,D332:03,D332:04,D332:05,D332:06,D332:07,D332:08,D332:09,D332:10,D332:11,D332:12,D332:15,D332:16,S332:05,S332:06,S332:13,S332:25,S335:01,S335:02,S335:03,S335:04,S335:05,S335:06,S335:08,S335:09,S335:10,S335:11,S335:12,S335:13,S335:14,S335:15,S335:16,S335:17,S335:18,S335:19,S335:20,S335:21",equal_split
41590400,양감면,41590,화성시,165932.6,165932.6,False,"2180:08,2182:20,D326:01,D326:03,D326:04,D326:05,D326:09,D326:13,D326:15,D467:02,D467:03,S310:05,S310:10,S310:11,S310:12,S310:13,S310:15,S310:18,S338:01,S338:07,S338:08,S338:09,S338:10,S338:15,S338:21",equal_split
41590410,정남면,41590,화성시,330327.7,266963.7,True,"2180:04,2180:08,2180:11,2180:12,2180:13,2180:20,2180:21,2180:22,2180:26,2182:20,2780:01,D467:01,D467:02,D467:04,D467:05,D467:06,D467:07,D467:08,D467:09,D467:10,D467:11,D467:14,D467:18,E459:01,E459:02,E459:04,E459:06,E459:11,E459:12,E459:21,E459:24,E459:25,E459:27,S310:22,S351:04",equal_split
44131102,성황동,44131,천안시 동남구,6515.4,6515.4,False,"2724:12,2724:22",equal_split
44131104,사직동,44131,천안시 동남구,2563.4,2563.4,False,2724:12,equal_split
44131105,영성동,44131,천안시 동남구,7119.6,7119.6,False,"2724:06,2724:13,S528:09",equal_split
44131107,원성동,44131,천안시 동남구,14171.7,14171.7,False,"2724:03,2724:10,2724:13,2724:22,S528:09",equal_split
44131108,구성동,44131,천안시 동남구,21951.2,21951.2,False,"2724:01,2724:03,2724:10,2724:12,2724:14,2724:18,2724:25,S528:09",equal_split
44131109,청수동,44131,천안시 동남구,7138.7,7138.7,False,"2724:03,2724:06,2724:18,S528:09",equal_split
44131110,삼룡동,44131,천안시 동남구,19304.6,19304.6,False,"2724:01,2724:02,2724:07,2724:14,2724:15,2724:16,2724:17,2724:18",equal_split
44131111,청당동,44131,천안시 동남구,9585.5,9585.5,False,"2724:18,2724:19,D360:06,S528:09",equal_split
44131112,유량동,44131,천안시 동남구,1758.3,1758.3,False,2724:03,equal_split
44131113,봉명동,44131,천안시 동남구,19058.9,19058.9,False,"2724:23,S507:04,S507:09,S507:15,S528:16",equal_split
44131114,다가동,44131,천안시 동남구,10578.2,10578.2,False,"2724:06,2724:12,2724:23,S507:15,S528:09",equal_split
44131115,용곡동,44131,천안시 동남구,7061.6,7061.6,False,"2724:06,S528:09,S528:11",equal_split
44131116,신방동,44131,천안시 동남구,28892.0,28892.0,False,"2724:06,2724:23,D360:06,S528:01,S528:09,S528:10,S528:11,S528:13,S528:46",equal_split
44131118,신부동,44131,천안시 동남구,35686.0,35686.0,False,"2610:12,2610:14,2724:03,2724:10,2724:12,2724:13,2724:21,2724:22,2724:25,S507:01",equal_split
44131119,안서동,44131,천안시 동남구,20694.3,20694.3,False,"2610:04,2610:12,2610:14,2724:03,2724:25",equal_split
44131120,구룡동,44131,천안시 동남구,12549.2,12549.2,False,"2724:18,2724:19,2724:24,D360:06,S528:09",equal_split
44131250,목천읍,44131,천안시 동남구,34592.9,34592.9,False,"2724:01,2724:02,2724:03,2724:07,2724:14,2724:15,2724:16,2724:17,2724:19,2724:24,D360:08,S501:02,S520:09,S520:15",equal_split
44131310,풍세면,44131,천안시 동남구,63236.8,59652.8,True,"2724:06,2724:19,2724:24,D360:01,D360:02,D360:03,D360:05,D360:06,D360:07,D360:08,E522:10,E522:22,S528:01,S528:09,S528:10",equal_split
44131330,북면,44131,천안시 동남구,32232.9,29088.4,True,"2610:24,2724:14,2724:17,S520:03,S520:06,S520:07,S520:09,S520:15",equal_split
44133101,와촌동,44133,천안시 서북구,5166.6,5166.6,False,"2724:23,S507:15",equal_split
44133102,성정동,44133,천안시 서북구,36993.7,36993.7,False,"S507:01,S507:04,S507:08,S507:09,S507:15,S507:16,S507:21",equal_split
44133103,백석동,44133,천안시 서북구,57561.4,57561.4,False,"2676:22,2676:23,S507:03,S507:04,S507:05,S507:13,S507:19,S516:02,S527:24",equal_split
44133104,두정동,44133,천안시 서북구,30965.7,30965.7,False,"2676:17,2724:10,2724:21,S507:01,S507:03,S507:16,S507:21",equal_split
44133105,성성동,44133,천안시 서북구,44736.0,44736.0,False,"2676:02,2676:06,2676:08,2676:15,2676:17,2676:22,2676:23,2676:25,2676:26",equal_split
44133106,차암동,44133,천안시 서북구,77156.7,77156.7,False,"2676:02,2676:08,2676:09,2676:15,2676:20,2676:23,2676:24,2676:26,S516:21,S516:22,S516:23,S527:06,S527:11,S527:12,S527:17",equal_split
44133107,쌍용동,44133,천안시 서북구,24334.3,24334.3,False,"2724:23,S507:04,S507:09,S507:15,S528:09,S528:13,S528:16",equal_split
44133108,불당동,44133,천안시 서북구,14067.8,14067.8,False,"S507:05,S507:19,S516:02",equal_split
44133109,업성동,44133,천안시 서북구,29151.2,29151.2,False,"2676:02,2676:03,2676:06,2676:08,2676:10,2676:15,2676:20,S527:18",equal_split
44133110,신당동,44133,천안시 서북구,17320.7,17320.7,False,"2676:03,2676:06,2724:21,S507:16,S527:02,S527:18",equal_split
44133111,부대동,44133,천안시 서북구,15823.3,15823.3,False,"2676:02,2676:06,2676:17,2724:21,S507:16",equal_split
44133250,성환읍,44133,천안시 서북구,78145.8,16810.8,True,"E399:02,E399:03,E399:07,S506:01,S506:02,S506:03,S506:05,S506:06,S506:07,S506:08,S506:09,S506:10,S506:11,S506:12,S506:20,S506:21,S506:23,S506:24,S527:14",equal_split
44133253,성거읍,44133,천안시 서북구,134574.4,123747.4,True,"2610:01,2610:04,2610:05,2610:06,2610:07,2610:09,2610:10,2610:11,2610:12,2610:14,2610:15,2610:16,2610:17,2610:18,2610:19,2610:20,2610:24,2676:03,2676:06,E399:01,E399:04,E399:05,S527:02,S527:16,S527:18",equal_split
44133256,직산읍,44133,천안시 서북구,187517.1,162162.6,True,"2610:02,2610:17,2610:18,2676:03,2676:08,2676:09,2676:10,2676:15,2676:16,2676:24,E399:01,E399:02,E399:03,E399:04,E399:05,E399:06,E399:07,S506:07,S506:11,S506:20,S506:23,S506:24,S516:22,S516:23,S527:02,S527:04,S527:05,S527:06,S527:07,S527:09,S527:14,S527:16,S527:17,S527:18",equal_split
44133310,입장면,44133,천안시 서북구,84768.2,84768.2,False,"2610:03,2610:05,2610:06,2610:07,2610:08,2610:09,2610:15,2610:19,2610:22,2610:23,2610:24,E399:04,E399:05,E399:07,S506:08,S506:12",equal_split
44180101,대천동,44180,보령시,9474.0,7401.0,True,"2822:05,2822:06,2822:08,2822:10,2822:11,E487:04",equal_split
44180102,죽정동,44180,보령시,2906.7,2492.5,True,"2822:06,2822:08,2822:15,E487:08",equal_split
44180103,화산동,44180,보령시,1476.7,6.0,True,"2822:15,E487:07,E487:08",equal_split
44180104,동대동,44180,보령시,9335.6,8279.1,True,"2822:06,E487:01,E487:02,E487:04,E487:07,E487:08",equal_split
44180105,명천동,44180,보령시,11874.2,9015.2,True,"2822:05,2822:06,E487:01,E487:02,E487:04,E487:07,E487:08,E487:09",equal_split
44180106,궁촌동,44180,보령시,11727.6,7856.2,True,"2822:05,2822:10,2822:11,E487:02,E487:04,E487:09",equal_split
44180107,내항동,44180,보령시,6228.9,2357.5,True,"2822:05,2822:10,2822:11,E487:09",equal_split
44180108,남곡동,44180,보령시,4426.5,2353.5,True,"2822:05,2822:10,2822:11",equal_split
44180109,요암동,44180,보령시,2538.6,740.1,True,"2822:05,E487:09",equal_split
44180110,신흑동,44180,보령시,8748.4,2357.5,True,"2822:05,2822:10,2822:11,E487:03,E487:09",equal_split
44180250,웅천읍,44180,보령시,4351.8,48.5,True,"E487:05,E487:06,E487:07,E487:09,E487:10,E487:11",equal_split
44180310,주포면,44180,보령시,501.2,2.0,True,"2822:01,2822:02,2822:07,2822:15",equal_split
44180320,오천면,44180,보령시,2539.1,2.0,True,"2822:01,2822:02,2822:03,2822:07,2822:09,S523:02",equal_split
44180330,천북면,44180,보령시,1670.2,8.3,True,"2822:01,2822:07,2822:09,D354:02,D354:04,D354:05,D354:08,D354:11,D354:13",equal_split
44180340,청소면,44180,보령시,507.6,8.3,True,"2822:01,2822:02,2822:07,2822:15,D354:04,D354:13",equal_split
44180350,청라면,44180,보령시,764.8,288.0,True,"2437:03,2822:07,2822:15,E487:08",equal_split
44180360,남포면,44180,보령시,12950.3,6127.4,True,"E487:01,E487:02,E487:03,E487:04,E487:05,E487:06,E487:07,E487:08,E487:09,E487:10,E487:11",equal_split
44180380,주산면,44180,보령시,1287.6,628.7,True,"E487:01,E487:05,E487:06,E487:11",equal_split
44180390,미산면,44180,보령시,1685.9,986.7,True,"2824:07,2824:09,E487:01,E487:05,E487:11",equal_split
44180400,성주면,44180,보령시,1640.7,584.2,True,"E487:01,E487:07,E487:08",equal_split
44180410,주교면,44180,보령시,33906.2,28920.7,True,"2822:01,2822:02,2822:03,2822:05,2822:06,2822:07,2822:08,2822:09,2822:10,2822:11,2822:14,2822:15,2822:20,2822:23",equal_split
44200101,온천동,44200,아산시,19238.9,19238.9,False,"2670:11,2670:12,E522:01,E522:06,E522:07,E522:08,E522:12,E522:13,E522:14",equal_split
44200102,실옥동,44200,아산시,13612.8,13612.8,False,"2670:02,2670:04,2670:07,2670:11,2670:12,E522:08,E522:12,E522:13",equal_split
44200103,방축동,44200,아산시,10306.4,10306.4,False,"2670:07,2670:09,2670:11,2670:12,E522:08",equal_split
44200104,기산동,44200,아산시,1806.7,1806.7,False,"2670:12,E522:02",equal_split
44200106,신인동,44200,아산시,5766.0,5766.0,False,"2670:10,2670:12,E522:02",equal_split
44200107,법곡동,44200,아산시,5011.6,5011.6,False,"2670:12,E522:01,E522:02,E522:14",equal_split
44200108,장존동,44200,아산시,2940.7,2940.7,False,"2670:12,E522:02,E522:09",equal_split
44200109,좌부동,44200,아산시,9683.7,9683.7,False,"E522:01,E522:02,E522:09,E522:14,E522:23",equal_split
44200110,읍내동,44200,아산시,6145.6,6145.6,False,"2670:12,E522:01,E522:02,E522:09,E522:14",equal_split
44200111,풍기동,44200,아산시,12836.2,12836.2,False,"E522:01,E522:02,E522:06,E522:14,E522:18",equal_split
44200112,용화동,44200,아산시,11501.6,11501.6,False,"2670:12,E522:01,E522:02,E522:14,E522:18",equal_split
44200113,모종동,44200,아산시,16968.9,16968.9,False,"2670:01,E522:06,E522:07,E522:08,E522:11,E522:12,E522:13",equal_split
44200114,권곡동,44200,아산시,14968.6,14968.6,False,"2670:01,E522:06,E522:07,E522:08,E522:12,E522:13",equal_split
44200115,배미동,44200,아산시,7733.0,7733.0,False,"2670:02,2670:04,2670:07,2670:09,2670:11",equal_split
44200116,득산동,44200,아산시,15919.9,15919.9,False,"2670:06,2670:07,2670:09,2670:10,2670:11,E522:02",equal_split
44200117,점양동,44200,아산시,561.3,561.3,False,E522:02,equal_split
44200118,신동,44200,아산시,9435.9,9435.9,False,"E522:07,E522:08,E522:11,E522:19",equal_split
44200119,남동,44200,아산시,6346.2,6346.2,False,"E522:01,E522:02,E522:06,E522:14",equal_split
44200250,염치읍,44200,아산시,17070.6,17070.6,False,"2670:01,2670:04,2764:05,2764:13,E522:08,E522:11,E522:19,S516:05,S516:07,S526:08",equal_split
44200253,배방읍,44200,아산시,88798.6,88798.6,False,"D360:05,D360:07,E522:01,E522:02,E522:03,E522:07,E522:09,E522:10,E522:11,E522:14,E522:16,E522:19,E522:20,E522:21,E522:22,E522:23,S516:05,S516:20,S528:01,S528:09,S528:10,S528:11,S528:13,S528:46",equal_split
44200310,송악면,44200,아산시,6592.3,6592.3,False,"2823:03,E522:02,E522:09",equal_split
44200330,탕정면,44200,아산시,43143.6,43143.6,False,"E522:03,E522:10,E522:16,E522:22,S516:01,S516:02,S516:04,S516:05,S516:06,S516:20,S516:23,S528:09",equal_split
44200350,음봉면,44200,아산시,122724.3,115156.3,True,"2676:09,2676:24,2764:05,2764:13,D352:09,D352:12,D352:13,D352:14,D352:15,D352:17,D352:18,E522:19,S506:02,S506:20,S506:21,S516:01,S516:02,S516:04,S516:07,S516:08,S516:09,S516:20,S516:21,S516:22,S516:23,S516:26,S526:04,S526:05,S526:08,S527:07,S527:14",equal_split
44200360,둔포면,44200,아산시,93968.5,81390.0,True,"D352:06,D352:07,D352:08,D352:09,D352:12,D352:13,D352:14,D352:15,D352:16,D352:17,D352:18,S506:01,S506:02,S506:03,S506:05,S506:21,S516:07,S526:01,S526:03,S526:04,S526:05",equal_split
44200370,영인면,44200,아산시,101806.9,93052.9,True,"2670:01,2764:01,2764:02,2764:03,2764:08,2764:13,2764:16,2764:17,D352:16,S526:01,S526:02,S526:03,S526:04,S526:05,S526:06,S526:08,S526:09",equal_split
44200410,신창면,44200,아산시,55432.6,55149.6,True,"2670:01,2670:02,2670:03,2670:04,2670:05,2670:06,2670:07,2670:08,2670:09,2670:10,2670:11,2670:12,2670:13,2764:05,2764:13,2764:19,E522:02,S526:08",equal_split
44210101,읍내동,44210,서산시,5372.8,1437.2,True,"2044:01,2044:08,2044:10,2044:12,2044:14,2044:17",equal_split
44210102,동문동,44210,서산시,6744.7,1493.6,True,"2044:01,2044:03,2044:07,2044:08,2044:10,2044:12,2044:13,2044:14,2044:16,2044:17,2044:18",equal_split
44210103,갈산동,44210,서산시,0.0,0.0,False,"2044:08,2044:17",equal_split
44210104,온석동,44210,서산시,4700.4,4450.6,True,"2044:01,2044:04,2044:07,2044:08,2044:09,2044:11,2044:18,2044:19,S522:08",equal_split
44210105,잠홍동,44210,서산시,3628.0,3378.2,True,"2044:04,2044:07,2044:18,2044:19",equal_split
44210106,수석동,44210,서산시,4357.3,3390.9,True,"2044:03,2044:04,2044:07,2044:13,2044:16,2044:18",equal_split
44210107,석림동,44210,서산시,8256.5,3005.4,True,"2044:03,2044:05,2044:07,2044:10,2044:13,2044:14,2044:16,2044:18",equal_split
44210108,석남동,44210,서산시,2612.7,2612.7,False,"2044:05,2044:13,2044:14,2044:16",equal_split
44210109,예천동,44210,서산시,3700.9,3700.9,False,"2044:01,2044:05,2044:12,2044:14,2044:16,2044:17",equal_split
44210250,대산읍,44210,서산시,24269.5,14991.0,True,"2765:01,2765:02,2765:03,2765:04,2765:05,2765:06,2765:07,2765:19,S522:04,S522:08",equal_split
44210310,인지면,44210,서산시,1088.2,1088.2,False,"2044:01,2044:08,2044:12,2044:13,2044:14,2044:17",equal_split
44210320,부석면,44210,서산시,21396.2,1088.2,True,"2044:01,2044:12,2044:13,2044:14,2044:17,2675:02,2675:03,2675:13",equal_split
44210330,팔봉면,44210,서산시,13114.2,1088.2,True,"2044:01,2044:08,2044:12,2044:14,2675:01,2675:02,2675:09,2675:13,S522:07",equal_split
44210340,지곡면,44210,서산시,12630.5,4387.0,True,"2044:08,2044:09,2765:05,2765:06,2787:02,S522:02,S522:04,S522:07,S522:08,S522:10,S522:13,S522:14",equal_split
44210360,성연면,44210,서산시,29749.4,5527.4,True,"2044:06,2044:08,2044:09,2044:11,2765:05,2787:02,S522:02,S522:04,S522:07,S522:08,S522:10,S522:11,S522:12,S522:13,S522:14",equal_split
44210370,음암면,44210,서산시,9463.1,4578.6,True,"2044:03,2044:04,2044:06,2044:07,2044:08,2044:09,2044:11,2044:16,2044:19,2787:02,S530:01,S530:04",equal_split
44210380,운산면,44210,서산시,2647.0,2397.2,True,"2044:11,2044:19,2787:01,2787:05,D355:04,S530:04",equal_split
44210390,해미면,44210,서산시,14228.3,6631.4,True,"2044:03,2044:07,2044:13,2044:16,S530:01,S530:02,S530:03,S530:04,S530:05,S530:07,S530:10",equal_split
44210400,고북면,44210,서산시,1966.0,1966.0,False,"2489:06,S530:01,S530:05,S530:07,S530:10",equal_split
44270101,읍내동,44270,당진시,12689.0,10949.4,True,"D521:10,E393:01,E393:02,E393:09,E393:10,E393:11",equal_split
44270102,채운동,44270,당진시,8587.8,6848.2,True,"2787:03,2787:09,D521:10,E393:01,E393:10,E393:11",equal_split
44270103,우두동,44270,당진시,4252.5,2512.9,True,"2787:08,D521:10,E393:05,E393:10,E393:11",equal_split
44270104,원당동,44270,당진시,12632.0,10892.4,True,"2787:09,D521:10,E393:01,E393:02,E393:05,E393:10,E393:11",equal_split
44270105,시곡동,44270,당진시,14922.4,12233.4,True,"E393:01,E393:02,E393:05,E393:09,E393:10,E393:11,E393:17",equal_split
44270106,수청동,44270,당진시,6154.5,6154.5,False,"2787:09,E393:01,E393:09",equal_split
44270107,대덕동,44270,당진시,5146.1,5146.1,False,"2787:09,E393:09,E393:10",equal_split
44270108,행정동,44270,당진시,5666.3,3926.7,True,"2787:03,2787:05,2787:09,D521:10,E393:10",equal_split
44270109,용연동,44270,당진시,1739.2,1739.2,False,"2787:05,E393:10",equal_split
44270110,사기소동,44270,당진시,596.1,596.1,False,"2787:01,2787:05",equal_split
44270111,구룡동,44270,당진시,596.1,596.1,False,"2787:01,2787:05",equal_split
44270250,합덕읍,44270,당진시,79990.4,74884.2,True,"2051:01,2051:09,2051:12,2051:15,D990:01,D990:02,D990:03,D990:04,D990:05,D990:06,D990:07,D990:08,D990:09,D990:10,D990:16,E393:18,E393:19,E393:20",equal_split
44270253,송악읍,44270,당진시,110641.6,84602.6,True,"2826:01,2826:02,2826:03,2826:04,2826:07,2826:09,2826:10,2826:12,2826:14,2826:19,2826:20,2826:23,2826:24,2826:25,E393:01,E393:03,E393:04,E393:05,E393:07,E393:08,E393:09,E393:10,E393:11,E393:12,E393:13,E393:15,E393:17,E393:18,E393:19,E393:20",equal_split
44270310,고대면,44270,당진시,10512.5,3679.3,True,"2787:02,2787:03,2787:04,2787:08,D521:03,D521:05,D521:06,D521:07,D521:09,D521:10,E393:05,E393:11",equal_split
44270320,석문면,44270,당진시,17080.2,2617.5,True,"2765:04,2787:04,D521:03,D521:05,D521:06,D521:07,D521:09,D521:10,D521:11,D521:12",equal_split
44270330,대호지면,44270,당진시,838.7,838.7,False,"2044:09,2787:02,2787:04,D521:05",equal_split
44270340,정미면,44270,당진시,3859.7,3859.7,False,"2044:11,2787:01,2787:02,2787:03,2787:04,2787:05,2787:08,2787:09",equal_split
44270350,면천면,44270,당진시,12167.0,11917.2,True,"2044:19,2051:02,2787:01,2787:05,D990:02,D990:06,D990:08,D990:09",equal_split
44270360,순성면,44270,당진시,28516.2,25254.0,True,"2787:01,2787:05,D990:01,D990:08,E393:03,E393:08,E393:09,E393:12,E393:15,E393:17,E393:18,E393:19,E393:20",equal_split
44270370,우강면,44270,당진시,11818.9,8759.2,True,"2051:01,2051:09,2826:03,D990:01,E393:03,E393:20",equal_split
44270380,신평면,44270,당진시,16127.9,14991.0,True,"2826:02,2826:03,2826:07,2826:14,2826:20,D990:01,E393:03,E393:07,E393:13,E393:20",equal_split
44270390,송산면,44270,당진시,15314.8,10998.3,True,"2826:01,2826:02,2826:12,2826:25,D521:09,D521:11,E393:04,E393:05,E393:11",equal_split
44800250,홍성읍,44800,홍성군,66787.4,60327.4,True,"2489:02,2489:04,2489:05,2489:06,2489:07,2489:08,2489:09,2489:10,2489:11,2489:12,2489:13,2489:14,2489:15,2489:16,2489:17,2489:18,2489:19,2489:20,D354:05,D354:10",equal_split
44800320,금마면,44800,홍성군,574.7,281.4,True,"2489:04,2489:07,2489:12,D355:07",equal_split
44800330,홍동면,44800,홍성군,275.3,0.7,True,"2489:04,2489:09,2489:12,D354:09",equal_split
44800350,은하면,44800,홍성군,17745.7,1412.5,True,"2489:02,2489:05,2489:10,2489:13,D354:01,D354:02,D354:03,D354:04,D354:05,D354:06,D354:08,D354:09,D354:10,D354:11,D354:13",equal_split
44800360,결성면,44800,홍성군,4931.1,836.1,True,"2489:05,2489:10,2489:19,D354:01,D354:05,D354:06,D354:08,D354:12",equal_split
44800370,서부면,44800,홍성군,3347.4,0.0,True,"D354:01,D354:06,D354:08,D354:12",equal_split
44800380,갈산면,44800,홍성군,3281.6,1964.6,True,"2489:06,2489:10,2489:16,2489:19,D354:06,S530:07,S530:10",equal_split
44800390,구항면,44800,홍성군,17265.2,11389.9,True,"2489:02,2489:05,2489:06,2489:09,2489:10,2489:13,2489:14,2489:18,2489:19,D354:05,D354:09,D354:10",equal_split
44810250,예산읍,44810,예산군,22222.0,22222.0,False,"2051:04,2051:05,2051:06,2051:07,2051:08,2051:10,2051:11,2051:14,2051:18,2670:06,2764:18",equal_split
44810253,삽교읍,44810,예산군,37732.4,37439.1,True,"2051:02,2051:03,2051:04,2051:15,2489:07,2489:17,D355:01,D355:02,D355:03,D355:04,D355:05,D355:06,D355:08,D355:09,D355:10,D355:15",equal_split
44810310,대술면,44810,예산군,1953.8,1953.8,False,"2051:06,2051:18,E522:09",equal_split
44810320,신양면,44810,예산군,6469.5,6469.5,False,"2051:06,2051:14,2051:17,2051:18,2437:06,2823:03",equal_split
44810330,광시면,44810,예산군,813.1,813.1,False,"2051:06,2051:14,2051:17,2437:05,2489:12,D355:06,D355:07",equal_split
44810340,대흥면,44810,예산군,813.1,813.1,False,"2051:04,2051:05,2051:14,2051:17,D355:06,D355:07",equal_split
44810350,응봉면,44810,예산군,25413.3,25413.3,False,"2051:04,2051:17,D355:01,D355:02,D355:04,D355:05,D355:06,D355:07,D355:08,D355:09,D355:15,D355:16",equal_split
44810360,덕산면,44810,예산군,14604.4,13331.9,True,"2489:06,2489:08,2489:10,2489:16,2489:19,D355:03,D355:04,S530:02",equal_split
44810370,봉산면,44810,예산군,2479.9,2230.1,True,"2044:19,2051:02,D355:03,D355:04,D355:08",equal_split
44810380,고덕면,44810,예산군,72693.0,72693.0,False,"2051:02,2051:04,2051:09,2051:15,2051:19,D355:04,D355:08,D990:03,D990:06,D990:07,D990:08,D990:11,D990:12,D990:13,D990:14,D990:15",equal_split
44810390,신암면,44810,예산군,30719.8,18981.5,True,"2051:01,2051:02,2051:03,2051:04,2051:05,2051:06,2051:07,2051:08,2051:09,2051:10,2051:11,2051:12,2051:14,2051:15,2051:16,2051:17,2051:18,2051:19",equal_split
44810400,오가면,44810,예산군,17571.9,15137.9,True,"2051:02,2051:03,2051:04,2051:10,2051:14,2051:15,2051:16,2051:17,2051:18,D355:02,D355:05,D355:06,D355:07,D355:15",equal_split
